label,area,perimeter,eccentricity,solidity,equivalent_diameter,centroid_x,centroid_y,min_intensity,max_intensity,mean_intensity
1,45.0,29.863961030678926,0.9659931426938495,0.75,7.569397566060481,103.04444444444445,1.2,0.6100866198539734,0.8577970266342163,0.66320133
2,202.0,67.89949493661166,0.9206145037042253,0.8523206751054853,16.03728119216293,122.85148514851485,3.98019801980198,0.46590346097946167,0.9170173406600952,0.67354375
3,1451.0,189.45584412271572,0.9461655990779106,0.8500292911540714,42.982212360588434,169.93246037215712,10.10751206064783,0.44170790910720825,0.9313737750053406,0.7268555
4,238.0,60.14213562373095,0.5508087457373955,0.967479674796748,17.407785949022028,210.9747899159664,7.054621848739496,0.5058786869049072,0.8908416032791138,0.6573181
5,568.0,132.45584412271572,0.9619002516129587,0.7770177838577291,26.89237924411993,241.11795774647888,5.677816901408451,0.506559431552887,0.9969677925109863,0.77532864
6,2141.0,214.6335136523794,0.7399545001712586,0.9149572649572649,52.2111660976652,395.3554413825315,24.25688930406352,0.4237004816532135,0.9362623691558838,0.6916959
7,23.0,20.82842712474619,0.9838642080389988,0.8518518518518519,5.4115163798060095,96.56521739130434,1.8695652173913044,0.5842821598052979,0.6623143553733826,0.62920797
8,24.0,21.621320343559642,0.9848068537138343,0.8275862068965517,5.527906391541368,98.20833333333333,4.125,0.5327351689338684,0.6837871074676514,0.61487466
9,470.0,95.7401153701776,0.8966726992389619,0.8935361216730038,24.462677409178383,255.07659574468084,14.495744680851065,0.5066831707954407,0.9547648429870605,0.6948248
10,20.0,17.621320343559642,0.9773282416818716,0.8695652173913043,5.046265044040321,367.05,9.7,0.5394802093505859,0.7330445647239685,0.6287346
11,20.0,19.035533905932738,0.975228467009405,0.8695652173913043,5.046265044040321,364.75,7.4,0.5235767364501953,0.7352722883224487,0.61138916
12,188.0,56.62741699796952,0.8043331300570103,0.8703703703703703,15.471555655790098,67.16489361702128,8.659574468085106,0.5194925665855408,0.6982673406600952,0.6392238
13,26.0,23.621320343559642,0.9871897123696988,0.8387096774193549,5.753627391751592,72.0,12.23076923076923,0.5453588962554932,0.7235767245292664,0.64277655
14,259.0,65.45584412271572,0.8116908510755313,0.9418181818181818,18.159544104586082,53.2007722007722,14.976833976833976,0.5191831588745117,0.7994430661201477,0.6368162
15,16.0,13.621320343559642,0.9648119846208285,0.8888888888888888,4.51351666838205,261.75,19.0625,0.7198638319969177,0.8878093957901001,0.7586324
16,198.0,69.35533905932738,0.9431968491547293,0.8215767634854771,15.877702285203682,269.0353535353535,19.106060606060606,0.553650975227356,0.9673267602920532,0.7421382
17,1743.0,170.90559159102156,0.3500995360225531,0.9416531604538088,47.108985623481516,18.988525530694204,22.9162363740677,0.4362623691558838,0.9148514866828918,0.6928302
18,311.0,91.94112549695429,0.9636649995035728,0.7585365853658537,19.899183360445615,270.2765273311897,26.29903536977492,0.5223391056060791,0.9093440771102905,0.7230411
19,30.0,27.621320343559642,0.9903054237163793,0.8333333333333334,6.180387232371033,37.8,34.666666666666664,0.5303217768669128,0.715779721736908,0.6454311
20,31.0,28.414213562373096,0.9908588455277237,0.8378378378378378,6.282549314314218,40.0,33.0,0.581250011920929,0.8459777235984802,0.6644164
21,30.0,27.621320343559642,0.9903054237163793,0.8333333333333334,6.180387232371033,42.2,31.333333333333332,0.6334777474403381,0.8457920551300049,0.70484525
22,38.0,35.62132034355964,0.9940640543932425,0.8260869565217391,6.955796338302048,384.10526315789474,43.18421052631579,0.6974628567695618,0.8599628806114197,0.7775323
23,38.0,35.62132034355964,0.994169150194485,0.8260869565217391,6.955796338302048,381.94736842105266,40.78947368421053,0.6127475500106812,0.8522277474403381,0.74461955
24,1597.0,202.5685424949238,0.9370606755856509,0.8206577595066804,45.09283261164744,91.59799624295555,32.55479023168441,0.4720297157764435,0.9008663296699524,0.67959297
25,38.0,35.62132034355964,0.9938195467326423,0.8260869565217391,6.955796338302048,379.7894736842105,38.86842105263158,0.6102104187011719,0.8040841817855835,0.69910276
26,586.0,147.79898987322335,0.9906816020209348,0.9497568881685575,27.315167457198672,108.45392491467577,41.051194539249146,0.4813118875026703,0.9193069338798523,0.69043654
27,398.0,142.94112549695427,0.9560193678021732,0.5299600532623169,22.511093682995384,119.6608040201005,23.43718592964824,0.5452351570129395,0.8997524976730347,0.6987283
28,69.0,66.82842712474618,0.9983290975747747,0.8214285714285714,9.373021315815206,115.91304347826087,48.95652173913044,0.5462871193885803,0.8615099191665649,0.68079793
29,264.0,123.2842712474619,0.9756154618440493,0.5258964143426295,18.333991376950163,114.09848484848484,68.6590909090909,0.5063737630844116,0.8082920908927917,0.6521461
30,61.0,58.828427124746185,0.9977227702844782,0.8133333333333334,8.812923024107548,88.26229508196721,55.868852459016395,0.5137994885444641,0.9040222764015198,0.7056859
31,111.0,108.82842712474618,0.999355355954605,0.8102189781021898,11.888212206450685,119.86486486486487,55.432432432432435,0.5251856446266174,0.8881188035011292,0.6678162
32,62.0,58.62132034355964,0.9978921765248312,0.8157894736842105,8.884866446580956,86.14516129032258,53.66129032258065,0.614480197429657,0.9037128686904907,0.76124835
33,111.0,108.82842712474618,0.9993659019840176,0.8102189781021898,11.888212206450685,121.91891891891892,53.45945945945946,0.5271658301353455,0.8876237869262695,0.7035768
34,63.0,60.828427124746185,0.9980054924652767,0.8181818181818182,8.95623198216277,84.04761904761905,51.476190476190474,0.6855816841125488,0.8722153306007385,0.755754
35,111.0,108.82842712474618,0.999371827038975,0.8102189781021898,11.888212206450685,123.97297297297297,51.486486486486484,0.5097772479057312,0.8879950642585754,0.72457635
36,63.0,60.828427124746185,0.9980054924652767,0.8181818181818182,8.95623198216277,81.95238095238095,49.523809523809526,0.6099010109901428,0.8575494885444641,0.72804195
37,166.0,114.48528137423857,0.9985569404418762,0.8645833333333334,14.538148590038452,126.53614457831326,49.01204819277108,0.559839129447937,0.8412747383117676,0.69943005
38,1980.0,189.59797974644667,0.6517631727217926,0.9103448275862069,50.20970323130403,269.86767676767676,55.63989898989899,0.5060643553733826,0.8990098834037781,0.70594805
39,64.0,61.62132034355964,0.9980105422277851,0.8205128205128205,9.0270333367641,79.859375,47.8125,0.6071782112121582,0.8787747621536255,0.7285582
40,221.0,117.31370849898475,0.9974120952020529,0.8983739837398373,16.774562271083887,130.11764705882354,45.529411764705884,0.4522896111011505,0.8495049476623535,0.6937239
41,474.0,149.39696961967002,0.9244506891009597,0.523756906077348,24.566553364370574,82.0464135021097,75.03375527426161,0.521039605140686,0.8781559467315674,0.66809195
42,355.0,115.9350288425444,0.9904899651065984,0.931758530183727,21.260292528114064,292.4507042253521,50.25633802816901,0.5123762488365173,0.8785272240638733,0.71390426
43,1334.0,166.7401153701776,0.881418223132815,0.9212707182320442,41.21288090726863,56.38905547226387,47.72113943028486,0.47394803166389465,0.8993192911148071,0.70230824
44,485.0,130.62741699796953,0.9891474266452858,0.9758551307847082,24.849973424463737,72.58762886597938,54.618556701030926,0.5399752259254456,0.8925123810768127,0.7176555
45,139.0,95.65685424949237,0.9978758800709978,0.86875,13.303394180365686,297.62589928057554,47.55395683453237,0.5453588962554932,0.8900989890098572,0.73907685
46,3770.0,284.5452018978108,0.5766511527525527,0.8529411764705882,69.28284840890683,352.4151193633952,44.90053050397878,0.506868839263916,1.0,0.7265607
47,2861.0,230.7523086789974,0.7393380072634435,0.9082539682539682,60.35510200047135,166.71094023068858,52.924152394267736,0.4800123870372772,0.9100247621536255,0.7154249
48,126.0,87.07106781186548,0.99736901272047,0.8689655172413793,12.666024736934256,300.6746031746032,46.73809523809524,0.5319925546646118,0.85792076587677,0.753096
49,407.0,126.72792206135784,0.9930645928661196,0.9951100244498777,22.764193258431348,320.985257985258,55.28009828009828,0.49783414602279663,0.868440568447113,0.68768275
50,1107.0,185.35533905932738,0.9644227819327508,0.7165048543689321,37.542991037233904,137.32700993676605,57.94308943089431,0.4749999940395355,0.9181930422782898,0.6770347
51,309.0,119.89949493661166,0.9948903893706362,0.965625,19.83509564693766,314.6957928802589,50.640776699029125,0.4981435537338257,0.9523515105247498,0.7210066
52,711.0,158.52691193458122,0.9574652781676577,0.6331255565449688,30.087760240780646,305.1533052039381,60.09704641350211,0.43694308400154114,0.9527227878570557,0.75363076
53,19.0,16.414213562373096,0.9734313932988269,0.8260869565217391,4.918490759365935,51.0,66.0,0.5178217887878418,0.664789617061615,0.60805756
54,64.0,43.242640687119284,0.9888884947998278,0.8648648648648649,9.0270333367641,247.40625,66.5625,0.5426361560821533,0.8449876308441162,0.7019783
55,211.0,56.97056274847714,0.4907238987574723,0.9336283185840708,16.39065416446578,239.55450236966826,66.5308056872038,0.5355197787284851,0.9202970266342163,0.68948555
56,1908.0,211.21320343559643,0.9466633090189952,0.8886818816953889,49.28834599938094,11.901991614255765,82.74109014675052,0.43242573738098145,0.9107054471969604,0.6694276
57,182.0,96.48528137423857,0.9961193986322797,0.896551724137931,15.222667215103916,358.5879120879121,77.93406593406593,0.5314356684684753,0.9155940413475037,0.7395881
58,2839.0,240.75230867899737,0.7690238377527341,0.9070287539936103,60.12260030556835,45.91299753434308,91.63015146178232,0.41559407114982605,0.8943069577217102,0.7002888
59,306.0,111.89949493661166,0.9931673194910601,0.9216867469879518,19.738573927438622,356.3921568627451,83.02614379084967,0.506559431552887,0.8779084086418152,0.7007581
60,418.0,99.88225099390857,0.9530442034553075,0.9008620689655172,23.06976657227589,190.07177033492823,74.07177033492823,0.5086633563041687,0.855259895324707,0.7003548
61,159.0,70.48528137423857,0.9886680258692231,0.99375,14.228319915326999,304.1949685534591,84.99371069182389,0.43440595269203186,0.8476485013961792,0.6511457
62,125.0,69.31370849898477,0.9920736560154384,0.9057971014492754,12.6156626101008,133.52,89.92,0.521720290184021,0.8851485252380371,0.6716366
63,819.0,117.35533905932738,0.7839265065977626,0.9523255813953488,32.29215364663835,242.57264957264957,92.4065934065934,0.5072401165962219,0.9188118577003479,0.70974296
64,310.0,74.04163056034261,0.8071346201550275,0.9226190476190477,19.867165345562018,89.94516129032257,95.91612903225807,0.5142945647239685,0.8592821955680847,0.6626868
65,353.0,77.31370849898475,0.8097497723634162,0.9192708333333334,21.200319792199185,104.0084985835694,94.14730878186968,0.4786509871482849,0.816150963306427,0.64446855
66,95.0,65.86396103067892,0.9956266893944803,0.8636363636363636,10.998079684646791,137.14736842105262,93.56842105263158,0.5965346693992615,0.8824257254600525,0.7254586
67,978.0,126.8111831820431,0.6143834444267179,0.9252601702932829,35.28779214899948,178.08077709611453,102.0316973415133,0.5116336345672607,0.8939356207847595,0.6840167
68,678.0,110.79898987322333,0.6439204281171217,0.8793774319066148,29.381225490616288,267.58554572271385,95.89233038348083,0.4800123870372772,0.868440568447113,0.6505095
69,72.0,69.62132034355965,0.9984481315395404,0.8089887640449438,9.574614729634384,192.93055555555554,97.70833333333333,0.6386757493019104,0.8569926023483276,0.7320656
70,73.0,70.82842712474618,0.9985291655175864,0.8202247191011236,9.640875829802336,195.0,96.0,0.6066831946372986,0.8886138796806335,0.7425836
71,53.0,37.86396103067893,0.9864157934044523,0.8833333333333333,8.214724333230155,112.49056603773585,97.16981132075472,0.5198638439178467,0.7742574214935303,0.64468175
72,182.0,82.14213562373095,0.9906437058266502,0.9238578680203046,15.222667215103916,198.63736263736263,92.55494505494505,0.559839129447937,0.8913984894752502,0.73239654
73,80.0,55.86396103067892,0.9938637639102366,0.8695652173913043,10.092530088080641,279.4375,99.65,0.5150371193885803,0.7912128567695618,0.6253194
74,78.0,55.07106781186547,0.9933531988008313,0.8764044943820225,9.965574970333758,282.5769230769231,96.7051282051282,0.5448638796806335,0.8250618577003479,0.6881649
75,2001.0,203.88225099390857,0.8116986199315265,0.8127538586515028,50.47526452644959,214.43578210894552,99.83658170914542,0.42240098118782043,0.9400990009307861,0.7274471
76,377.0,100.38477631085023,0.9571414389139591,0.7821576763485477,21.909160375631842,130.51724137931035,98.78249336870026,0.5094059109687805,0.9014851450920105,0.6822091
77,136.0,73.89949493661166,0.9930469308685698,0.8947368421052632,13.159049284959082,129.1764705882353,106.11029411764706,0.5446163415908813,0.7965965270996094,0.6953157
78,92.0,63.86396103067892,0.9950127154439704,0.8598130841121495,10.823032759612019,127.42391304347827,109.73913043478261,0.565470278263092,0.7959158420562744,0.69797474
79,1548.0,194.36753236814712,0.8093189673090497,0.7705326032852166,44.39566212199151,354.5833333333333,107.81524547803618,0.5060643553733826,0.9115098714828491,0.7130682
80,130.0,90.48528137423857,0.9976316714489549,0.8666666666666667,12.865501965161373,339.5923076923077,118.96923076923076,0.4987623691558838,0.8683786988258362,0.72419745
81,104.0,52.48528137423857,0.9801969968329914,0.9454545454545454,11.507254783503184,413.2692307692308,113.90384615384616,0.5143564343452454,0.9254331588745117,0.7313155
82,130.0,90.48528137423857,0.9976486294876158,0.8666666666666667,12.865501965161373,336.5,116.0,0.5797029733657837,0.8675124049186707,0.7250885
83,473.0,106.74621202458749,0.9542238062078315,0.8958333333333334,24.54062559633988,374.77167019027485,109.03594080338266,0.5077970027923584,0.9198019504547119,0.7089855
84,316.0,73.21320343559643,0.7514402282488641,0.9080459770114943,20.0585068271871,99.43037974683544,115.72784810126582,0.5056312084197998,0.9116955399513245,0.65752757
85,127.0,88.48528137423857,0.9975128885342642,0.8698630136986302,12.716187407449045,333.3937007874016,112.53543307086615,0.5657178163528442,0.8551980257034302,0.724752
86,31.0,22.621320343559642,0.9688759374607708,0.9393939393939394,6.282549314314218,71.03225806451613,118.3225806451613,0.5732673406600952,0.7049505114555359,0.64243656
87,190.0,57.72792206135785,0.6562632219618466,0.867579908675799,15.553633450087505,79.93157894736842,116.00526315789473,0.5062500238418579,0.7723391056060791,0.68902814
88,3764.0,272.7878425849301,0.7343138909905245,0.8508137432188065,69.22769421541608,309.16285866099895,125.41657810839533,0.4643564224243164,0.9179455637931824,0.7067212
89,67.0,32.38477631085024,0.7592253890393307,0.881578947368421,9.23618154310838,60.25373134328358,126.11940298507463,0.5816831588745117,0.8676361441612244,0.6970537
90,42.0,29.242640687119284,0.977551468352454,0.8571428571428571,7.312732791431452,99.95238095238095,124.54761904761905,0.5853341817855835,0.7301980257034302,0.61872494
91,1808.0,185.78174593052023,0.819078956989532,0.9556025369978859,47.9793403131095,387.31637168141594,126.98727876106194,0.5003712773323059,0.9245668053627014,0.7145791
92,126.0,86.24264068711929,0.9974178733754594,0.863013698630137,12.666024736934256,203.65873015873015,128.52380952380952,0.5250619053840637,0.9266707897186279,0.7051995
93,538.0,102.2193000900063,0.7852756854715581,0.8848684210526315,26.17255958188877,41.73048327137546,130.71003717472118,0.44597771763801575,0.8816831707954407,0.6762357
94,84.0,81.62132034355965,0.998881192254093,0.8155339805825242,10.341765891652821,202.73809523809524,131.01190476190476,0.5149752497673035,0.8367574214935303,0.6683456
95,617.0,112.94112549695429,0.7658019694477612,0.8677918424753868,28.02835705319874,203.18962722852513,141.354943273906,0.503650963306427,0.8979579210281372,0.6639077
96,30.0,22.0,0.9587449708822046,1.0,6.180387232371033,414.0,137.5,0.5288366079330444,0.6742573976516724,0.57022274
97,210.0,73.14213562373095,0.9154314293702553,0.7553956834532374,16.351767622932517,97.51904761904763,136.02380952380952,0.48273515701293945,0.8929455280303955,0.6589094
98,527.0,100.2193000900063,0.7598875025152514,0.8768718801996672,25.903614421069328,22.225806451612904,137.28273244781784,0.46980199217796326,0.9112623929977417,0.68552244
99,497.0,99.83452377915606,0.8363669736125965,0.8160919540229885,25.15551736167189,84.46680080482898,136.47484909456742,0.48044553399086,0.8889851570129395,0.69203526
100,71.0,49.86396103067892,0.9916949631213032,0.8658536585365854,9.507891862878783,11.507042253521126,140.14084507042253,0.50922030210495,0.7835395932197571,0.6910805
101,36.0,33.62132034355964,0.992945963915526,0.8181818181818182,6.770275002573076,100.77777777777777,143.13888888888889,0.5162747502326965,0.7221534848213196,0.6363586
102,445.0,85.84062043356595,0.7132976048976584,0.9290187891440501,23.803184606416586,70.05842696629213,143.46966292134832,0.5062500238418579,0.918440580368042,0.7248512
103,42.0,39.62132034355964,0.9952076444845708,0.8235294117647058,7.312732791431452,102.9047619047619,142.1904761904762,0.5161510109901428,0.7704207897186279,0.62185735
104,357.0,92.14213562373095,0.9563462054615005,0.937007874015748,21.320096563347295,4.341736694677871,142.8263305322129,0.508539617061615,0.8969059586524963,0.68685085
105,129.0,54.48528137423857,0.9721011066842493,0.9485294117647058,12.815923738491737,106.74418604651163,141.68992248062017,0.5470296740531921,0.7713490128517151,0.6473252
106,24.0,21.621320343559642,0.9849097240019141,0.8571428571428571,5.527906391541368,188.04166666666666,142.25,0.572029709815979,0.8749381303787231,0.6590269
107,2495.0,231.1370849898476,0.8149363446737403,0.8134985327681774,56.36251115869688,140.53466933867736,128.10901803607214,0.4714109003543854,0.928960382938385,0.69594944
108,13.0,11.0,0.9962942897654247,0.7222222222222222,4.068428945128219,186.3846153846154,141.6153846153846,0.5648514628410339,0.7354578971862793,0.62763715
109,85.0,68.44974746830583,0.9966495290933425,0.7798165137614679,10.403141895720198,145.3764705882353,145.3294117647059,0.6001856327056885,0.928960382938385,0.76572293
110,84.0,69.07106781186548,0.9966793573111233,0.7924528301886793,10.341765891652821,146.45238095238096,147.66666666666666,0.5997524857521057,0.8790223002433777,0.74798155
111,74.0,31.449747468305834,0.6487618466844657,0.925,9.706684619910241,408.7837837837838,147.43243243243242,0.5071163177490234,0.8071781992912292,0.6642327
112,67.0,64.82842712474618,0.9981780512171955,0.8170731707317073,9.23618154310838,142.5820895522388,150.16417910447763,0.5994430780410767,0.897400975227356,0.7553181
113,44.0,31.65685424949238,0.9774074616134626,0.88,7.48482063701911,25.0,151.5,0.508539617061615,0.6902227997779846,0.5737962
114,66.0,63.62132034355964,0.9980763251396647,0.8148148148148148,9.166995688475081,140.37878787878788,152.27272727272728,0.6021658182144165,0.8780322074890137,0.7707442
115,91.0,41.27817459305202,0.9386020332237477,0.9578947368421052,10.764051215546116,213.56043956043956,151.76923076923077,0.5051980018615723,0.7913366556167603,0.657914
116,25.0,22.82842712474619,0.9853582924580256,0.8333333333333334,5.641895835477563,25.04,154.04,0.510519802570343,0.6915223002433777,0.57906187
117,66.0,63.62132034355964,0.9981220088534215,0.8148148148148148,9.166995688475081,138.42424242424244,154.36363636363637,0.6000000238418579,0.8931311964988708,0.77055484
118,10.0,8.207106781186548,0.654653670707977,0.9090909090909091,3.5682482323055424,16.8,158.1,0.5124381184577942,0.5137376189231873,0.51316214
119,3162.0,262.5452018978108,0.8236491285971356,0.8143188256502704,63.450637825419726,161.44022770398482,167.26850094876662,0.39362624287605286,0.9024133682250977,0.6977796
120,41.0,23.31370849898476,0.5500644796542994,0.8541666666666666,7.225151993843567,9.390243902439025,161.8048780487805,0.5382425785064697,0.7230817079544067,0.6076657
121,43.0,40.41421356237309,0.9952464141147008,0.8269230769230769,7.399277020331919,293.1162790697674,160.7674418604651,0.5863242745399475,0.7805074453353882,0.6781473
122,424.0,79.39087296526012,0.5085257021464854,0.9443207126948775,23.23474912642073,326.77830188679246,168.8443396226415,0.490470290184021,0.825680673122406,0.6581156
123,338.0,81.24873734152916,0.8616419985602536,0.8556962025316456,20.7449985808745,210.0680473372781,161.83727810650888,0.5101485252380371,0.9004950523376465,0.7119993
124,103.0,55.86396103067892,0.9872299988585407,0.8956521739130435,11.451797811161432,293.70873786407765,163.96116504854368,0.5327351689338684,0.782240092754364,0.64763236
125,24.0,17.242640687119284,0.8627159945601642,0.9230769230769231,5.527906391541368,1.2083333333333333,166.04166666666666,0.5665223002433777,0.7217822074890137,0.574982
126,28.0,24.621320343559642,0.9899498964516066,0.8235294117647058,5.970821321441846,214.71428571428572,166.85714285714286,0.6534653306007385,0.8560024499893188,0.7889476
127,15.0,13.0,0.997534007258103,0.7142857142857143,4.370193722368317,213.53333333333333,168.53333333333333,0.6476485133171082,0.8488861322402954,0.77046204
128,597.0,115.94112549695429,0.8771992484370278,0.8133514986376021,27.570346537664197,294.25460636515913,181.4891122278057,0.5176361203193665,0.8830445408821106,0.69824433
129,137.0,75.31370849898477,0.9933964624541651,0.9013157894736842,13.207339536360731,283.97080291970804,184.007299270073,0.45037129521369934,0.8543316721916199,0.6604123
130,3969.0,270.54520189781084,0.46102309843255473,0.886333184457347,71.08788752701729,371.6238347190728,177.52960443436635,0.45402228832244873,0.9152846336364746,0.67068833
131,99.0,67.86396103067892,0.9958561452869175,0.8608695652173913,11.227230955528665,280.3838383838384,181.55555555555554,0.4544554352760315,0.782920777797699,0.6754482
132,237.0,103.31370849898475,0.99442004800948,0.9115384615384615,17.371176474327626,137.93248945147678,187.47679324894514,0.5639232397079468,0.9078589081764221,0.7087025
133,451.0,89.56244584051392,0.6644613697936421,0.9337474120082816,23.96311821686732,269.84922394678495,179.29933481152995,0.5077970027923584,0.8909034729003906,0.67723113
134,17.0,15.0,0.998085875286698,0.7083333333333334,4.652426491681278,299.4117647058824,189.41176470588235,0.6390470266342163,0.810519814491272,0.73056203
135,32.0,29.621320343559642,0.991754202666308,0.8421052631578947,6.383076486422923,301.03125,188.75,0.6368193030357361,0.8081064224243164,0.7398225
136,286.0,124.14213562373095,0.9962680426353064,0.9196141479099679,19.08262324195121,402.5174825174825,189.0034965034965,0.5247524976730347,0.8990098834037781,0.71127295
137,1183.0,162.01219330881975,0.6805559747846889,0.8203883495145631,38.810338589372,142.24852071005918,203.87404902789518,0.5079208016395569,0.9457920789718628,0.75024396
138,57.0,39.242640687119284,0.9883584251829066,0.8636363636363636,8.51907589177983,183.49122807017545,191.47368421052633,0.5178217887878418,0.8548886179924011,0.6772603
139,4374.0,289.99494936611666,0.6982774253396262,0.9085999169090154,74.62673628580846,37.411979881115684,186.96570644718793,0.4406559467315674,0.9269183278083801,0.6979569
140,903.0,189.1126983722081,0.9875321517515236,0.7991150442477876,33.90774703361832,409.63344407530457,198.07198228128462,0.4155321717262268,0.8738242387771606,0.65800405
141,444.0,81.01219330881976,0.47741005576346407,0.9507494646680942,23.77642441290137,312.73423423423424,185.02702702702703,0.4815593957901001,0.913118839263916,0.72364306
142,284.0,98.24264068711928,0.9889674118861551,0.9594594594594594,19.015783725757565,2.7253521126760565,200.48591549295776,0.44282177090644836,0.8724009990692139,0.6687516
143,671.0,116.42640687119284,0.6918748772691797,0.9116847826086957,29.229158977248975,273.4128166915052,207.63040238450074,0.4299505054950714,0.8931311964988708,0.68134105
144,243.0,71.90559159102155,0.9281851795502901,0.8556338028169014,17.58969042850512,68.61728395061728,197.3909465020576,0.5119430422782898,0.8972772359848022,0.70455164
145,344.0,99.31370849898477,0.9829611325627973,0.945054945054945,20.928315827817965,258.94767441860466,203.02906976744185,0.5076732635498047,0.9011138677597046,0.6827244
146,73.0,49.242640687119284,0.9918610972526749,0.8690476190476191,9.640875829802336,358.0821917808219,202.34246575342465,0.45853960514068604,0.8157796859741211,0.5917232
147,2891.0,245.23759005323592,0.6964992651806039,0.8997821350762527,60.67071388923453,230.32929782082326,197.38152888273953,0.4859529733657837,0.9620668292045593,0.7120206
148,57.0,54.41421356237309,0.9973545520691609,0.8142857142857143,8.51907589177983,124.26315789473684,212.3684210526316,0.5611386299133301,0.9307549595832825,0.7897375
149,49.0,46.41421356237309,0.9965375863833669,0.8166666666666667,7.898654169668588,360.48979591836735,205.0204081632653,0.5060024857521057,0.7335395812988281,0.6275737
150,58.0,55.62132034355964,0.9975430413973536,0.8169014084507042,8.593479713983122,122.17241379310344,210.67241379310346,0.6543316841125488,0.8812500238418579,0.7869899
151,29.0,26.82842712474619,0.9896035798648737,0.8529411764705882,6.076507779746499,162.79310344827587,208.89655172413794,0.6587252616882324,0.8493812084197998,0.73178774
152,58.0,55.62132034355964,0.9976009671184866,0.8169014084507042,8.593479713983122,120.06896551724138,208.72413793103448,0.5859529972076416,0.8754331469535828,0.77095747
153,30.0,27.621320343559642,0.9905265907794751,0.8333333333333334,6.180387232371033,165.0,206.76666666666668,0.658230185508728,0.7240718007087708,0.6842698
154,58.0,55.62132034355964,0.9975942124256462,0.8169014084507042,8.593479713983122,117.96551724137932,206.77586206896552,0.6991955637931824,0.8712871074676514,0.77387005
155,73.0,49.242640687119284,0.991819190502356,0.8588235294117647,9.640875829802336,362.8904109589041,207.6986301369863,0.5035272240638733,0.798638641834259,0.7079106
156,86.0,60.48528137423857,0.9941788604853617,0.8865979381443299,10.464157913908982,115.32558139534883,204.61627906976744,0.5488861203193665,0.8709776997566223,0.7552283
157,38.0,35.62132034355964,0.9941369550284621,0.8260869565217391,6.955796338302048,214.1578947368421,214.68421052631578,0.6944307088851929,0.8502475023269653,0.77062756
158,76.0,43.89949493661166,0.9757318438262053,0.9156626506024096,9.83698151873187,210.8815789473684,212.18421052631578,0.6327351331710815,0.9105817079544067,0.78783715
159,2400.0,221.92388155425118,0.7791836933424141,0.8275862068965517,55.27906391541367,193.63041666666666,221.51375,0.4991336762905121,0.9581683278083801,0.72433054
160,2216.0,220.95941546018392,0.6592931623793964,0.8011569052783803,53.11778262628365,91.1543321299639,216.9264440433213,0.5061880946159363,0.9466584324836731,0.7341299
161,135.0,49.55634918610404,0.6974679701450383,0.8490566037735849,13.110581167104948,274.9185185185185,227.92592592592592,0.5208539366722107,0.7209777235984802,0.6475458
162,60.0,29.31370849898476,0.6975487264315536,0.9090909090909091,8.740387444736633,396.9166666666667,230.0,0.5715965628623962,0.8850866556167603,0.7197679
163,8298.0,415.7888886054567,0.45315888345792427,0.8825781748564135,102.78784822250333,331.7793444203422,241.9763798505664,0.3687500059604645,0.9688118696212769,0.73462105
164,164.0,89.31370849898475,0.9954252322220298,0.9010989010989011,14.450303987687134,84.6219512195122,236.95731707317074,0.5386757254600525,0.925990104675293,0.7406952
165,535.0,109.01219330881976,0.7090418292046842,0.8081570996978852,26.099485750361293,37.43551401869159,238.59065420560748,0.5425742864608765,0.8832302093505859,0.7171942
166,132.0,44.72792206135786,0.8536543819764004,0.9295774647887324,12.964089628857149,392.52272727272725,237.07575757575756,0.530569314956665,0.9123143553733826,0.6846708
167,19.0,16.82842712474619,0.9770630404528676,0.8636363636363636,4.918490759365935,29.05263157894737,241.47368421052633,0.5616955161094666,0.8768564462661743,0.7322173
168,11.0,9.0,0.9943203448568411,0.7333333333333333,3.742410318509555,27.363636363636363,240.63636363636363,0.5620049238204956,0.8782178163528442,0.6956683
169,164.0,87.89949493661166,0.995324491895564,0.9010989010989011,14.450303987687134,88.34756097560975,241.0731707317073,0.5405940413475037,0.8701732754707336,0.70296687
170,77.0,36.82842712474619,0.9501627912771641,1.0,9.901487006738307,413.06493506493507,243.7792207792208,0.4410272240638733,0.8293935656547546,0.61176705
171,60.0,41.242640687119284,0.9894223978115838,0.8695652173913043,8.740387444736633,47.45,245.98333333333332,0.6015470027923584,0.846720278263092,0.71051973
172,1225.0,144.01219330881975,0.6385379798077061,0.9518259518259519,39.493270848342945,91.61387755102041,258.43673469387755,0.5060024857521057,0.8787747621536255,0.6618535
173,89.0,37.31370849898476,0.8829424283265325,0.956989247311828,10.645107772184812,407.30337078651684,243.13483146067415,0.4410272240638733,0.7498762607574463,0.6091514
174,379.0,95.08326112068524,0.9313959569352175,0.8403547671840355,21.967197988242077,27.9155672823219,251.08179419525067,0.4649752378463745,0.9175123572349548,0.6922438
175,56.0,53.62132034355964,0.9973196817249156,0.8235294117647058,8.444016491289505,18.767857142857142,241.85714285714286,0.6324875950813293,0.883849024772644,0.727599
176,627.0,124.48528137423858,0.9743505351969505,0.9952380952380953,28.254578293596012,5.358851674641149,249.08931419457736,0.44919553399086,0.9077970385551453,0.686093
177,433.0,122.45584412271572,0.9540646705098327,0.6755070202808112,23.480049464818542,17.351039260969976,254.58891454965357,0.44919553399086,0.8975247740745544,0.70358086
178,164.0,59.21320343559642,0.7018072779450729,0.7772511848341233,14.450303987687134,398.0,245.48170731707316,0.5341584086418152,0.9141708016395569,0.6773134
179,141.0,76.48528137423855,0.9935224375003476,0.8924050632911392,13.398760233979036,206.47517730496455,251.00709219858157,0.5270420908927917,0.8455445766448975,0.7031652
180,661.0,107.1126983722081,0.6926606088353474,0.906721536351166,29.010538413996088,58.907715582450834,250.51739788199697,0.5298267602920532,0.8829826712608337,0.701628
181,323.0,71.9350288425444,0.529383802650371,0.9150141643059491,20.279456919490165,402.359133126935,260.1609907120743,0.5462871193885803,0.896720290184021,0.66450167
182,85.0,49.31370849898477,0.9835235047013712,0.9139784946236559,10.403141895720198,391.0235294117647,257.49411764705883,0.5403465628623962,0.8292698264122009,0.7037202
183,174.0,67.31370849898477,0.9609568224667802,0.8018433179723502,14.884343478431232,386.2816091954023,260.2011494252874,0.5141088962554932,0.913118839263916,0.66484404
184,48.0,34.82842712474619,0.9846034905960274,1.0,7.817640190446719,414.0416666666667,263.5208333333333,0.5431311726570129,0.670111358165741,0.5972734
185,52.0,49.62132034355964,0.997001679281971,0.8125,8.136857890256438,61.75,265.9807692307692,0.533230185508728,0.7599009871482849,0.6479293
186,47.0,33.86396103067893,0.9829605058523488,0.8703703703703703,7.735777827895049,21.829787234042552,272.51063829787233,0.5865098834037781,0.8491336703300476,0.71803755
187,736.0,123.59797974644665,0.8773012573005157,0.8288288288288288,30.612159429303247,51.92527173913044,274.6847826086956,0.4357054531574249,0.8734529614448547,0.67820126
188,78.0,34.97056274847714,0.7289923000302937,0.9176470588235294,9.965574970333758,110.38461538461539,272.3333333333333,0.5257425904273987,0.8171411156654358,0.6424482
189,192.0,59.55634918610404,0.8050286663324199,0.8648648648648649,15.635280380893438,25.479166666666668,278.2760416666667,0.4949876368045807,0.8742574453353882,0.6542137
190,134.0,46.72792206135786,0.8996853273070018,0.9370629370629371,13.061933202803933,389.1940298507463,275.5223880597015,0.5063737630844116,0.8435643315315247,0.6954259
191,33.0,30.414213562373096,0.9919957044961276,0.825,6.4820448144285745,109.48484848484848,276.969696969697,0.5874999761581421,0.8778465390205383,0.71545714
192,151.0,48.55634918610404,0.8419509624248173,0.8988095238095238,13.86575534383214,87.45033112582782,280.5827814569536,0.5219678282737732,0.8574257493019104,0.6694311
193,1753.0,172.32590180780454,0.6505722289210728,0.9275132275132275,47.24393000080264,206.81802624073018,275.11808328579576,0.4446782171726227,0.936509907245636,0.74408877
194,37.0,21.242640687119284,0.6590668115487441,0.9024390243902439,6.863662517577698,412.86486486486484,279.0,0.5261138677597046,0.7870668172836304,0.58317506
195,582.0,98.08326112068524,0.8362817323618861,0.9525368248772504,27.221781995965376,62.31786941580756,290.95704467353954,0.47821781039237976,0.8677598834037781,0.67303026
196,24.0,21.621320343559642,0.9849097240019141,0.8571428571428571,5.527906391541368,386.25,280.0416666666667,0.624690592288971,0.8482054471969604,0.76849985
197,151.0,48.62741699796952,0.8045865973357962,0.8830409356725146,13.86575534383214,402.8211920529801,278.4503311258278,0.506868839263916,0.7841584086418152,0.6507737
198,237.0,85.79898987322335,0.9767583690389122,0.713855421686747,17.371176474327626,229.65822784810126,282.9198312236287,0.5076113939285278,0.9328588843345642,0.65215164
199,145.0,58.077164466275356,0.916956359635372,0.6531531531531531,13.58748446131949,198.12413793103448,301.4896551724138,0.5446782112121582,0.8005569577217102,0.6753525
200,592.0,110.76955262170046,0.8794249940433507,0.8469241773962805,27.45465007031079,287.03547297297297,286.2804054054054,0.4615717828273773,0.9407796859741211,0.7288664
201,412.0,123.39696961966999,0.9769859850832865,0.64375,22.903595622322865,187.25242718446603,290.5364077669903,0.5069925785064697,0.9125618934631348,0.69997233
202,94.0,60.48528137423857,0.9925558433667925,0.9215686274509803,10.940041919714261,233.31914893617022,288.75531914893617,0.5480198264122009,0.9330445528030396,0.7665044
203,294.0,77.45584412271572,0.9428453532657923,0.9423076923076923,19.347672370394786,273.1700680272109,282.65646258503403,0.4613242447376251,0.918749988079071,0.6849033
204,45.0,42.41421356237309,0.9956819316663458,0.8181818181818182,7.569397566060481,266.7111111111111,281.64444444444445,0.5307549238204956,0.8626237511634827,0.73298544
205,35.0,32.82842712474619,0.9929741776725682,0.8333333333333334,6.6755811781245455,293.8,291.4,0.5188118815422058,0.708230197429657,0.57896394
206,213.0,73.31370849898475,0.973987236759138,0.9342105263157895,16.46815177937675,238.42253521126761,287.7793427230047,0.5144801735877991,0.935829222202301,0.76139367
207,35.0,32.82842712474619,0.9933700480557844,0.8333333333333334,6.6755811781245455,295.9714285714286,289.48571428571427,0.5193688273429871,0.8183786869049072,0.5955729
208,181.0,63.66295090390226,0.9457354312639125,0.8190045248868778,15.180789096653193,312.81767955801104,291.7182320441989,0.5281559228897095,0.9225866198539734,0.7287211
209,173.0,57.384776310850235,0.7989286279676832,0.9010416666666666,14.841510746523857,382.5549132947977,287.9017341040462,0.53125,0.8894183039665222,0.69077504
210,36.0,33.62132034355964,0.9934702893542505,0.8181818181818182,6.770275002573076,298.1388888888889,287.80555555555554,0.5771039724349976,0.8142326474189758,0.675698
211,261.0,68.04163056034261,0.7288259394899849,0.9525547445255474,18.229523339239496,353.4022988505747,292.823754789272,0.5027227997779846,0.8118811845779419,0.643139
212,218.0,64.38477631085024,0.8912615365133438,0.8755020080321285,16.66031874701878,372.3348623853211,287.04587155963304,0.43879950046539307,0.8305073976516724,0.6709746
213,199.0,66.97056274847714,0.9067536674838172,0.8291666666666667,15.91774699517169,365.2964824120603,292.96984924623115,0.5067450404167175,0.8183786869049072,0.6455921
214,25.0,23.0,0.9990710052514763,0.6944444444444444,5.641895835477563,186.8,299.2,0.6860767602920532,0.8688737750053406,0.77813864
215,448.0,108.18376618407356,0.8607934501250714,0.7225806451612903,23.883285285767386,302.0669642857143,296.65848214285717,0.5444926023483276,0.9346534609794617,0.7310348
216,47.0,44.828427124746185,0.996131767482699,0.8245614035087719,7.735777827895049,185.2340425531915,298.3829787234043,0.6603341698646545,0.8720915913581848,0.75821185
217,164.0,54.66295090390226,0.7964083313037738,0.8913043478260869,14.450303987687134,393.7317073170732,290.530487804878,0.5108292102813721,0.7760519981384277,0.6318246
218,74.0,52.48528137423857,0.9922368711788261,0.891566265060241,9.706684619910241,182.54054054054055,295.47297297297297,0.6149752736091614,0.8456683158874512,0.74147123
219,1241.0,154.66904755831212,0.6925629198578954,0.8588235294117647,39.75034936973935,255.26188557614827,295.7421434327156,0.4273514747619629,0.905259907245636,0.70147604
220,50.0,47.62132034355964,0.9967102926913326,0.819672131147541,7.978845608028654,179.88,293.3,0.5167078971862793,0.8428836464881897,0.7011213
221,25.0,23.0,0.99907500821836,0.6944444444444444,5.641895835477563,178.28,291.72,0.5165841579437256,0.7598391175270081,0.6883416
222,50.0,47.62132034355964,0.9966158913205583,0.819672131147541,7.978845608028654,176.68,290.4,0.5678836703300476,0.7780940532684326,0.69791704
223,68.0,39.27817459305202,0.9757472839921074,0.8831168831168831,9.304852983362556,388.86764705882354,298.0147058823529,0.5335395932197571,0.7859529852867126,0.66603625
224,142.0,48.384776310850235,0.557911991915254,0.8987341772151899,13.446189622059965,328.2887323943662,303.2887323943662,0.5776609182357788,0.8876856565475464,0.7157095
225,61.0,32.72792206135786,0.9374579195880601,0.9104477611940298,8.812923024107548,337.0,299.9344262295082,0.5103341341018677,0.9256188273429871,0.7481497
226,123.0,44.14213562373095,0.7219728603462797,0.9534883720930233,12.514330345744634,348.9674796747967,305.869918699187,0.54832923412323,0.8493812084197998,0.7001032
227,112.0,40.72792206135786,0.7664748784498985,0.9491525423728814,11.941642642883693,339.07142857142856,308.42857142857144,0.5207920670509338,0.844430685043335,0.73236555
228,23.0,20.414213562373096,0.982545878275986,0.8518518518518519,5.4115163798060095,308.0,308.0,0.6242574453353882,0.7950494885444641,0.69239134
229,846.0,142.76955262170048,0.4934181906687761,0.7840593141797961,32.82012575914278,401.87470449172577,308.0945626477541,0.506559431552887,0.9088490009307861,0.66621315
230,2860.0,293.13098833543773,0.7921687771446506,0.8957093642342624,60.34455317543221,18.986013986013987,314.8297202797203,0.43428218364715576,0.9162128567695618,0.66833454
231,351.0,103.55634918610404,0.9838010960622176,0.9435483870967742,21.14017691983778,141.93447293447292,309.1880341880342,0.5211014747619629,0.9173267483711243,0.71717864
232,3124.0,231.78174593052023,0.7345234966800447,0.9311475409836065,63.06821971288431,105.33226632522407,305.47407170294497,0.4849628806114197,0.9291460514068604,0.76503295
233,27.0,22.44974746830583,0.9705321280016487,0.7941176470588235,5.863230142835039,387.8888888888889,314.962962962963,0.6043316721916199,0.7562500238418579,0.697974
234,2189.0,223.33199846221441,0.6686679877181603,0.8125463994060876,52.793194290791604,165.57240749200548,312.3549566011878,0.49641087651252747,0.9444925785064697,0.71529573
235,28.0,23.86396103067893,0.97173920461497,0.8235294117647058,5.970821321441846,385.25,313.64285714285717,0.621039628982544,0.9022276997566223,0.7481082
236,369.0,88.42640687119285,0.8816742622477202,0.8074398249452954,21.675455981530703,63.6910569105691,320.6016260162602,0.42011138796806335,0.8469059467315674,0.676521
237,42.0,39.62132034355964,0.9952784276300893,0.8235294117647058,7.312732791431452,57.04761904761905,323.2142857142857,0.4568687975406647,0.7826732397079468,0.60868394
238,281.0,70.04163056034261,0.46808407262882035,0.8672839506172839,18.91508160359296,48.44128113879004,320.65480427046265,0.42314356565475464,0.8616955280303955,0.68719083
239,21.0,18.82842712474619,0.9779020920881827,0.84,5.170882945826411,344.0,323.0,0.5077970027923584,0.8232054710388184,0.6441449
240,1081.0,142.77564927611036,0.7719282308739176,0.8882497945768283,37.09948716436268,367.8381128584644,318.54024051803884,0.4329826831817627,0.9371287226676941,0.6716634
241,403.0,104.84062043356595,0.6933589148559621,0.8395833333333333,22.65205369339104,48.4317617866005,338.59801488833745,0.5059406161308289,0.7766088843345642,0.6052367
242,670.0,137.25483399593904,0.9508918771961458,0.778164924506388,29.20737055903114,113.43432835820896,335.9358208955224,0.47747525572776794,0.9245668053627014,0.7065226
243,218.0,81.31370849898477,0.9874151573313159,0.9954337899543378,16.66031874701878,366.151376146789,333.4816513761468,0.5082302093505859,0.938490092754364,0.6775843
244,1303.0,165.0893577750951,0.6749801881059885,0.845554834523037,40.73120581065477,321.61857252494246,329.01304681504223,0.5063118934631348,0.9228960275650024,0.7139946
245,1382.0,175.98885271170678,0.48202171583826375,0.8134196586227193,41.9477895820983,262.3256150506512,331.94862518089724,0.46732673048973083,0.9367574453353882,0.7144502
246,97.0,68.48528137423857,0.9957583281416138,0.8738738738738738,11.11324596323283,306.4226804123711,333.5257731958763,0.5563119053840637,0.8686881065368652,0.7002795
247,106.0,40.970562748477136,0.7022790279301354,0.8907563025210085,11.617374563210365,69.33962264150944,337.54716981132077,0.5096534490585327,0.7416460514068604,0.65103436
248,65.0,62.828427124746185,0.9980465038765421,0.8227848101265823,9.09728368293446,303.81538461538463,331.0923076923077,0.5548886060714722,0.8692450523376465,0.6910063
249,1070.0,178.7462120245875,0.8608114691335105,0.7798833819241983,36.910246719124274,94.28691588785047,348.13831775700936,0.49467822909355164,0.8701732754707336,0.6656233
250,511.0,107.45584412271572,0.9556283658995611,0.9551401869158879,25.507359866510456,281.2328767123288,343.7162426614481,0.5560024976730347,0.9094678163528442,0.7225047
251,814.0,140.2842712474619,0.9209513193397542,0.7902912621359224,32.19343084255579,296.68304668304665,338.75307125307125,0.4854579269886017,0.9096534848213196,0.7125463
252,13.0,10.414213562373096,0.9375978123483881,0.8666666666666667,4.068428945128219,131.92307692307693,346.46153846153845,0.6208539605140686,0.6845915913581848,0.6414985
253,1608.0,171.63961030678928,0.6141123412569796,0.9048958919527293,45.247863904654565,155.66355721393035,355.0889303482587,0.5024133920669556,0.9271658658981323,0.6986181
254,28.0,17.242640687119284,0.7105622350602121,0.8484848484848485,5.970821321441846,69.60714285714286,351.7142857142857,0.5139232873916626,0.6258044838905334,0.55262995
255,8.0,8.242640687119284,0.8843384945005575,1.0,3.1915382432114616,63.25,353.125,0.5662747621536255,0.6115099191665649,0.59952044
256,83.0,58.86396103067892,0.993638588792664,0.7980769230769231,10.280023453913834,177.27710843373495,361.0722891566265,0.5077351331710815,0.8890470266342163,0.7352305
257,96.0,65.24264068711929,0.9954940807621804,0.8495575221238938,11.055812783082736,180.40625,359.9479166666667,0.510210394859314,0.8886757493019104,0.7443475
258,178.0,79.07106781186548,0.9902348010251284,0.9035532994923858,15.054455784347004,184.48876404494382,358.17977528089887,0.5103960633277893,0.8889232873916626,0.73941386
259,1179.0,145.05382386916236,0.7175623617261608,0.8965779467680608,38.7446696107059,243.04410517387618,357.7735368956743,0.5058786869049072,0.9457302093505859,0.71235913
260,122.0,66.69238815542512,0.9917966372410996,0.9037037037037037,12.463355264843006,106.11475409836065,358.92622950819674,0.5152227878570557,0.7965346574783325,0.65723294
261,230.0,86.27817459305203,0.9875902955409832,0.9126984126984127,17.112717355495807,190.0608695652174,357.9260869565217,0.5058786869049072,0.9068688154220581,0.7375019
262,77.0,74.82842712474618,0.9986474521907747,0.8105263157894737,9.901487006738307,194.01298701298703,358.012987012987,0.5061880946159363,0.9429455399513245,0.7551691
263,70.0,67.62132034355965,0.9983604845353239,0.813953488372093,9.440697438826296,196.05714285714285,357.7857142857143,0.5159653425216675,0.9425123929977417,0.76897186
264,2020.0,198.61017305526642,0.8526199727360833,0.8498106857383256,50.71433604381535,352.60940594059406,353.6173267326733,0.49981436133384705,0.9061881303787231,0.681096
265,97.0,66.44974746830583,0.9955438614460567,0.8584070796460177,11.11324596323283,198.5979381443299,357.2061855670103,0.5157178044319153,0.8610148429870605,0.74820864
266,71.0,49.828427124746185,0.9930974612604277,0.9861111111111112,9.507891862878783,303.32394366197184,361.0281690140845,0.5394802093505859,0.8560643792152405,0.6814705
267,120.0,65.89949493661166,0.9913301733526099,0.9022556390977443,12.360774464742066,102.15833333333333,363.0833333333333,0.5407178401947021,0.7833539843559265,0.64991957
268,958.0,143.25483399593904,0.7091133890534911,0.8104906937394247,34.92511251028815,210.71920668058456,364.9436325678497,0.5073019862174988,0.9280940890312195,0.7229148
269,11.0,9.82842712474619,0.905153785168528,0.8461538461538461,3.742410318509555,77.45454545454545,364.90909090909093,0.5061262249946594,0.5306930541992188,0.5176361
270,5.0,5.207106781186548,0.816496580927726,1.0,2.5231325220201604,79.2,366.4,0.5196782350540161,0.5299504995346069,0.52467823
271,12.0,10.0,0.6831300510639732,1.0,3.9088200952233594,76.5,368.0,0.5066213011741638,0.5355817079544067,0.5183374
272,109.0,76.48528137423857,0.996612626541549,0.872,11.780624362746345,361.45871559633025,368.3761467889908,0.5003712773323059,0.9063118696212769,0.7489708
273,109.0,76.48528137423857,0.9966561674989782,0.872,11.780624362746345,358.4954128440367,371.48623853211006,0.5070544481277466,0.9016708135604858,0.7252458
274,49.0,46.828427124746185,0.9966683613834112,0.8166666666666667,7.898654169668588,254.9795918367347,371.9591836734694,0.6864480376243591,0.8898515105247498,0.7919024
275,1716.0,185.32590180780454,0.8642680135360769,0.8407643312101911,46.74268989655537,363.9079254079254,386.34615384615387,0.47648516297340393,0.9383663535118103,0.71347183
276,74.0,51.86396103067892,0.9925734082804002,0.8705882352941177,9.706684619910241,252.6891891891892,374.6081081081081,0.6126856207847595,0.8853341341018677,0.7644058
277,71.0,49.828427124746185,0.9930974612604277,0.9861111111111112,9.507891862878783,286.0281690140845,377.67605633802816,0.5298267602920532,0.742450475692749,0.65843415
278,1069.0,128.66295090390227,0.4637206082995029,0.9604672057502246,36.89299490854448,304.621141253508,378.28157156220766,0.488985151052475,0.8918316960334778,0.68506604
279,148.0,56.97056274847714,0.9270220404151123,0.8604651162790697,13.727325035155395,280.6756756756757,373.7972972972973,0.5359529852867126,0.8787128925323486,0.67425245
280,104.0,57.89949493661166,0.9886188258206919,0.9043478260869565,11.507254783503184,213.85576923076923,382.9807692307692,0.5681930780410767,0.830878734588623,0.7181775
281,18.0,17.035533905932738,0.969037626830032,0.8571428571428571,4.787307364817192,320.77777777777777,386.1111111111111,0.554950475692749,0.7776609063148499,0.62126994
282,379.0,80.11269837220809,0.5719501385904646,0.9381188118811881,21.967197988242077,251.3878627968338,384.6569920844327,0.49702969193458557,0.9046410918235779,0.70422554
283,65.0,32.14213562373095,0.8556533788366958,0.9027777777777778,9.09728368293446,325.8,382.55384615384617,0.5279703140258789,0.7886757254600525,0.6727284
284,51.0,48.41421356237309,0.9967628858609223,0.8225806451612904,8.058239062071396,211.05882352941177,386.11764705882354,0.4784034788608551,0.9142326712608337,0.69881344
285,42.0,39.62132034355964,0.9951477095235589,0.8076923076923077,7.312732791431452,396.0238095238095,386.76190476190476,0.5344678163528442,0.9242573976516724,0.6821767
286,1593.0,190.67514421272202,0.9070257445695699,0.8904415874790386,45.03632528041241,111.64406779661017,376.4419334588826,0.5061880946159363,0.8974628448486328,0.6804593
287,63.0,45.242640687119284,0.9897010557960921,0.8289473684210527,8.95623198216277,209.71428571428572,388.6666666666667,0.4788985252380371,0.8384281992912292,0.6585592
288,63.0,43.656854249492376,0.98835764910417,0.875,8.95623198216277,398.5238095238095,388.015873015873,0.5556930899620056,0.8319925665855408,0.64575094
289,538.0,104.42640687119285,0.49381841767480733,0.8526148969889065,26.17255958188877,270.85687732342006,386.34944237918216,0.4919554591178894,0.915779709815979,0.7310264
290,259.0,134.2426406871193,0.9980793904964186,0.8900343642611683,18.159544104586082,107.25096525096525,390.996138996139,0.5087871551513672,0.9034653306007385,0.6815207
291,57.0,41.071067811865476,0.987219110604308,0.8769230769230769,8.51907589177983,401.49122807017545,389.1929824561403,0.5170173048973083,0.8824257254600525,0.67452127
292,238.0,65.45584412271572,0.3558997409122776,0.8913857677902621,17.407785949022028,328.39495798319325,393.15966386554624,0.42964109778404236,0.8814975023269653,0.6838168
293,628.0,146.89949493661166,0.9866767229953259,0.9303703703703704,28.277100878514442,105.36942675159236,397.97133757961785,0.5117574334144592,0.8980197906494141,0.67447805
294,413.0,89.31370849898477,0.9224971406578842,0.9322799097065463,22.93137440223813,409.3365617433414,397.9757869249395,0.5508044362068176,0.9745049476623535,0.7274707
295,218.0,72.14213562373095,0.94869032781029,0.8074074074074075,16.66031874701878,300.29357798165137,398.8761467889908,0.48904702067375183,0.8699876070022583,0.7099018
296,15.0,12.414213562373096,0.9540178996620902,0.8333333333333334,4.370193722368317,321.93333333333334,400.1333333333333,0.6327351331710815,0.6906559467315674,0.6738036
297,369.0,89.65685424949237,0.9609638054917095,0.9534883720930233,21.675455981530703,270.7317073170732,402.0,0.4803217947483063,0.8912747502326965,0.7145326
298,34.0,30.621320343559642,0.9932560766651386,0.8095238095238095,6.579524642479541,305.2352941176471,401.9117647058824,0.6227104067802429,0.852289617061615,0.6873271
299,34.0,31.621320343559642,0.9926790594425825,0.8292682926829268,6.579524642479541,303.29411764705884,404.11764705882354,0.5163984894752502,0.6998762488365173,0.6055384
300,67.0,34.48528137423857,0.8921418514427193,0.9436619718309859,9.23618154310838,2.328358208955224,410.1641791044776,0.5234529972076416,0.656930685043335,0.5617021
301,837.0,167.17766952966372,0.982355059615641,0.9543899657924744,32.64508384034771,109.11827956989248,409.44086021505376,0.5019183158874512,0.9318687915802002,0.66562784
302,1317.0,182.84062043356593,0.7082592438380878,0.8351299936588459,40.94943809646488,225.59757023538344,401.22247532270313,0.4634900987148285,0.9423267245292664,0.65933824
303,312.0,89.07106781186548,0.9737313808398723,0.96,19.931149940667517,268.49038461538464,411.3525641025641,0.3849009871482849,0.8189356327056885,0.6620288
304,420.0,95.79898987322332,0.9293742307874259,0.865979381443299,23.12489154112443,310.29047619047617,409.3904761904762,0.5080445408821106,0.8883044719696045,0.71246964
305,174.0,48.485281374238575,0.272585376937946,0.9720670391061452,14.884343478431232,333.5977011494253,409.17241379310343,0.5925742387771606,0.8543935418128967,0.7393845
306,205.0,63.10660171779821,0.8984969178327162,0.9151785714285714,16.15593100600236,350.93658536585366,410.8341463414634,0.4225866198539734,0.8449876308441162,0.66219085
